Model,Cell Acc,Puzzle Acc
Baseline Transf.,62.63508205680684,0.00023652628043501912
